,task,num_simulations,num_constraining_simulations,num_observation,algorithm,seed,dimension,rounds,"C2ST (0,)","C2ST (1,)","C2ST (2,)","C2ST (3,)","C2ST (4,)","C2ST (5,)","C2ST (6,)","C2ST (7,)","C2ST (8,)","C2ST (9,)","C2ST (0, 1)","C2ST (0, 2)","C2ST (0, 3)","C2ST (0, 4)","C2ST (0, 5)","C2ST (0, 6)","C2ST (0, 7)","C2ST (0, 8)","C2ST (0, 9)","C2ST (1, 2)","C2ST (1, 3)","C2ST (1, 4)","C2ST (1, 5)","C2ST (1, 6)","C2ST (1, 7)","C2ST (1, 8)","C2ST (1, 9)","C2ST (2, 3)","C2ST (2, 4)","C2ST (2, 5)","C2ST (2, 6)","C2ST (2, 7)","C2ST (2, 8)","C2ST (2, 9)","C2ST (3, 4)","C2ST (3, 5)","C2ST (3, 6)","C2ST (3, 7)","C2ST (3, 8)","C2ST (3, 9)","C2ST (4, 5)","C2ST (4, 6)","C2ST (4, 7)","C2ST (4, 8)","C2ST (4, 9)","C2ST (5, 6)","C2ST (5, 7)","C2ST (5, 8)","C2ST (5, 9)","C2ST (6, 7)","C2ST (6, 8)","C2ST (6, 9)","C2ST (7, 8)","C2ST (7, 9)","C2ST (8, 9)",C2ST 1-dim sum,C2ST 1-dim mean,C2ST 1-dim var,C2ST 2-dim sum,C2ST 2-dim mean,C2ST 2-dim var,RT,path,folder
0,gaussian_linear,2280,10916,10,tmnre,2080447848,10,5,0.6248999834060669,0.7016000151634216,0.5753999948501587,0.8187999725341797,0.6851999759674072,0.88919997215271,0.6126999855041504,0.8059999942779541,0.6040999889373779,0.6033999919891357,0.7979000210762024,0.7171000242233276,0.7914999723434448,0.814300000667572,0.86080002784729,0.6506999731063843,0.8343999981880188,0.7239999771118164,0.7095000147819519,0.6205000281333923,0.8059999942779541,0.7967000007629395,0.7907000184059143,0.703000009059906,0.7825999855995178,0.7570000290870667,0.9061999917030334,0.746999979019165,0.7924000024795532,0.866100013256073,0.6740999817848206,0.8090000152587891,0.9034000039100647,0.828499972820282,0.8899000287055969,0.8123000264167786,0.8087999820709229,0.7641000151634216,0.8465999960899353,0.9175000190734863,0.9136000275611877,0.7021999955177307,0.8550999760627747,0.7968000173568726,0.9017000198364258,0.6514000296592712,0.6481000185012817,0.8650000095367432,0.9021000266075134,0.7110000252723694,0.7724999785423279,0.9025999903678894,0.7979999780654907,0.8266000151634216,0.8726000189781189,6.92140007019043,0.6920999884605408,0.012000000104308128,35.84170150756836,0.796500027179718,0.006500000134110451,569.0727,/home/ben/sci/tmnre/outputs/2021-07-25/14-14-41/gaussian_linear/tmnre-10d-0.1scale-10-10000,/home/ben/sci/tmnre/outputs/2021-07-25/14-14-41/gaussian_linear/tmnre-10d-0.1scale-10-10000
1,gaussian_linear,5077,10129,9,tmnre,1680711215,10,4,0.5853000283241272,0.6790000200271606,0.5684000253677368,0.7275999784469604,0.71670001745224,0.8640000224113464,0.5669999718666077,0.5595999956130981,0.6212000250816345,0.5587000250816345,0.6758999824523926,0.6657000184059143,0.7961999773979187,0.8496999740600586,0.8583999872207642,0.6399000287055969,0.6492000222206116,0.7271000146865845,0.7932999730110168,0.6151999831199646,0.6764000058174133,0.8011999726295471,0.8977000117301941,0.7109000086784363,0.6736999750137329,0.6205999851226807,0.7001000046730042,0.7470999956130981,0.7735000252723694,0.7750999927520752,0.6075999736785889,0.7085999846458435,0.6690000295639038,0.6777999997138977,0.7961999773979187,0.7924000024795532,0.6191999912261963,0.6740999817848206,0.6054999828338623,0.7102000117301941,0.8866999745368958,0.8475000262260437,0.7261999845504761,0.8097000122070312,0.8292999863624573,0.9251999855041504,0.8715999722480774,0.8546000123023987,0.8942999839782715,0.6872000098228455,0.6133999824523926,0.6592000126838684,0.7276999950408936,0.7202000021934509,0.7232000231742859,6.447500228881836,0.6446999907493591,0.010200000368058681,33.28390121459961,0.7396000027656555,0.008299999870359898,559.51465,/home/ben/sci/tmnre/outputs/2021-07-25/14-14-41/gaussian_linear/tmnre-10d-0.1scale-9-10000,/home/ben/sci/tmnre/outputs/2021-07-25/14-14-41/gaussian_linear/tmnre-10d-0.1scale-9-10000
2,sir,325,997,1,tmnre,1946220725,2,5,0.5924999713897705,0.6474000215530396,,,,,,,,,0.6470000147819519,,,,,,,,,,,,,,,,,,,,,,,,,,,,,,,,,,,,,,,,,,,,,1.23989999294281,0.6198999881744385,0.001500000013038516,0.6470000147819519,0.6470000147819519,,689.1533,/home/ben/sci/tmnre/outputs/2021-07-25/14-16-37/sir/tmnre-2d-1-1000,/home/ben/sci/tmnre/outputs/2021-07-25/14-16-37/sir/tmnre-2d-1-1000
3,sir,6590,10021,1,tmnre,3113804749,2,3,0.5270000100135803,0.5773000121116638,,,,,,,,,0.5928999781608582,,,,,,,,,,,,,,,,,,,,,,,,,,,,,,,,,,,,,,,,,,,,,1.104200005531311,0.5521000027656555,0.0013000000035390258,0.5928999781608582,0.5928999781608582,,548.3992,/home/ben/sci/tmnre/outputs/2021-07-25/14-16-37/sir/tmnre-2d-1-10000,/home/ben/sci/tmnre/outputs/2021-07-25/14-16-37/sir/tmnre-2d-1-10000
4,sir,71602,99920,8,tmnre,579514114,2,2,0.5066999793052673,0.5241000056266785,,,,,,,,,0.542900025844574,,,,,,,,,,,,,,,,,,,,,,,,,,,,,,,,,,,,,,,,,,,,,1.0307999849319458,0.5153999924659729,0.00019999999494757503,0.542900025844574,0.542900025844574,,2514.9998,/home/ben/sci/tmnre/outputs/2021-07-25/14-17-16/sir/tmnre-2d-8-100000,/home/ben/sci/tmnre/outputs/2021-07-25/14-17-16/sir/tmnre-2d-8-100000
5,sir,73130,99846,10,tmnre,4132068556,2,2,0.534600019454956,0.5131000280380249,,,,,,,,,0.5325999855995178,,,,,,,,,,,,,,,,,,,,,,,,,,,,,,,,,,,,,,,,,,,,,1.0476000308990479,0.5238000154495239,0.00019999999494757503,0.5325999855995178,0.5325999855995178,,2587.0784,/home/ben/sci/tmnre/outputs/2021-07-25/14-17-16/sir/tmnre-2d-10-100000,/home/ben/sci/tmnre/outputs/2021-07-25/14-17-16/sir/tmnre-2d-10-100000
6,lotka_volterra,9991,9991,7,tmnre,2313534574,4,1,0.849399983882904,,0.9498999714851379,0.8230000138282776,,,,,,,0.9909999966621399,0.9861999750137329,0.9991999864578247,,,,,,,0.9987999796867371,0.9976999759674072,,,,,,,0.9585000276565552,,,,,,,,,,,,,,,,,,,,,,,,,,,,,,,5.931600093841553,0.9886000156402588,0.00019999999494757503,673.9375,/home/ben/sci/tmnre/outputs/2021-07-25/14-15-52/lotka_volterra/tmnre-4d-0.1scale-7-10000,/home/ben/sci/tmnre/outputs/2021-07-25/14-15-52/lotka_volterra/tmnre-4d-0.1scale-7-10000
7,lotka_volterra,9926,9926,8,tmnre,1830944810,4,1,0.8198000192642212,0.6949999928474426,0.807200014591217,0.763700008392334,,,,,,,0.9021000266075134,0.9164999723434448,0.9362000226974487,,,,,,,0.911899983882904,0.84579998254776,,,,,,,0.9221000075340271,,,,,,,,,,,,,,,,,,,,,,,,,,,,3.085599899291992,0.771399974822998,0.0031999999191612005,5.434700012207031,0.9057999849319458,0.0010000000474974513,661.5957,/home/ben/sci/tmnre/outputs/2021-07-25/14-15-52/lotka_volterra/tmnre-4d-0.1scale-8-10000,/home/ben/sci/tmnre/outputs/2021-07-25/14-15-52/lotka_volterra/tmnre-4d-0.1scale-8-10000
8,lotka_volterra,8149,9990,1,tmnre,63233748,4,2,0.9114999771118164,0.7124999761581421,0.8403000235557556,0.8953999876976013,,,,,,,0.9325000047683716,0.9796000123023987,0.984499990940094,,,,,,,0.9294000267982483,0.9605000019073486,,,,,,,0.9800999760627747,,,,,,,,,,,,,,,,,,,,,,,,,,,,3.3596999645233154,0.839900016784668,0.008200000040233135,5.766600131988525,0.9610999822616577,0.0006000000284984708,763.93225,/home/ben/sci/tmnre/outputs/2021-07-25/14-15-52/lotka_volterra/tmnre-4d-0.1scale-1-10000,/home/ben/sci/tmnre/outputs/2021-07-25/14-15-52/lotka_volterra/tmnre-4d-0.1scale-1-10000
9,lotka_volterra,1679,11287,4,tmnre,432271408,4,5,0.7721999883651733,0.9172000288963318,0.7178000211715698,0.8033000230789185,,,,,,,0.8033000230789185,0.8583999872207642,0.9553999900817871,,,,,,,0.9452000260353088,0.9473999738693237,,,,,,,0.9872000217437744,,,,,,,,,,,,,,,,,,,,,,,,,,,,3.210400104522705,0.8026000261306763,0.0071000000461936,5.4969000816345215,0.9161999821662903,0.004900000058114529,923.0289,/home/ben/sci/tmnre/outputs/lotka_volterra/2021-08-04/19-34-18/tmnre-4d-0.1scale-4-10000,/home/ben/sci/tmnre/outputs/lotka_volterra/2021-08-04/19-34-18/tmnre-4d-0.1scale-4-10000
10,lotka_volterra,1885,10901,9,tmnre,890045474,4,5,0.6812000274658203,0.6277999877929688,0.515999972820282,0.5367000102996826,,,,,,,0.8285999894142151,0.8273000121116638,0.8561999797821045,,,,,,,0.724399983882904,0.7002999782562256,,,,,,,0.6877999901771545,,,,,,,,,,,,,,,,,,,,,,,,,,,,2.3617000579833984,0.590399980545044,0.006000000052154064,4.624899864196777,0.770799994468689,0.00559999980032444,911.0948,/home/ben/sci/tmnre/outputs/lotka_volterra/2021-08-04/19-34-18/tmnre-4d-0.1scale-9-10000,/home/ben/sci/tmnre/outputs/lotka_volterra/2021-08-04/19-34-18/tmnre-4d-0.1scale-9-10000
11,lotka_volterra,79334,99791,10,tmnre,922950217,4,2,0.8281000256538391,0.8100000023841858,0.8083999752998352,0.8145999908447266,,,,,,,0.8629000186920166,0.92330002784729,0.9642999768257141,,,,,,,0.9496999979019165,0.8561000227928162,,,,,,,0.9401000142097473,,,,,,,,,,,,,,,,,,,,,,,,,,,,3.261199951171875,0.8152999877929688,8.064499706961215e-05,5.496300220489502,0.916100025177002,0.002099999925121665,4492.5225,/home/ben/sci/tmnre/outputs/2021-10-14/21-46-05/lotka_volterra/tmnre-4d-0.1scale-10-100000,/home/ben/sci/tmnre/outputs/2021-10-14/21-46-05/lotka_volterra/tmnre-4d-0.1scale-10-100000
12,lotka_volterra,14998,115055,4,tmnre,349602121,4,4,0.5508000254631042,0.5263000130653381,0.5422000288963318,0.5249999761581421,,,,,,,0.546500027179718,0.6496999859809875,0.7318000197410583,,,,,,,0.6468999981880188,0.5716000199317932,,,,,,,0.6620000004768372,,,,,,,,,,,,,,,,,,,,,,,,,,,,2.144200086593628,0.5360999703407288,0.00019999999494757503,3.808500051498413,0.6348000168800354,0.0044999998062849045,5292.8604,/home/ben/sci/tmnre/outputs/2021-10-14/21-46-05/lotka_volterra/tmnre-4d-0.1scale-4-100000,/home/ben/sci/tmnre/outputs/2021-10-14/21-46-05/lotka_volterra/tmnre-4d-0.1scale-4-100000
13,lotka_volterra,23567,106136,8,tmnre,3807453661,4,4,0.5178999900817871,0.5561000108718872,0.5145000219345093,0.5776000022888184,,,,,,,0.6294000148773193,0.6527000069618225,0.550599992275238,,,,,,,0.546500027179718,0.609000027179718,,,,,,,0.6029999852180481,,,,,,,,,,,,,,,,,,,,,,,,,,,,2.1659998893737793,0.5414999723434448,0.0008999999845400453,3.5913000106811523,0.5985000133514404,0.0017999999690800905,5070.523,/home/ben/sci/tmnre/outputs/2021-10-14/21-46-05/lotka_volterra/tmnre-4d-0.1scale-8-100000,/home/ben/sci/tmnre/outputs/2021-10-14/21-46-05/lotka_volterra/tmnre-4d-0.1scale-8-100000
14,lotka_volterra,2209,128290,1,tmnre,131514022,4,5,0.6355000138282776,0.6973999738693237,0.5342000126838684,0.5526000261306763,,,,,,,0.6679999828338623,0.6779999732971191,0.7358999848365784,,,,,,,0.6593000292778015,0.6779000163078308,,,,,,,0.7117999792098999,,,,,,,,,,,,,,,,,,,,,,,,,,,,2.419600009918213,0.6049000024795532,0.00570000009611249,4.130799770355225,0.6884999871253967,0.0008999999845400453,6039.3613,/home/ben/sci/tmnre/outputs/2021-10-14/21-46-05/lotka_volterra/tmnre-4d-0.1scale-1-100000,/home/ben/sci/tmnre/outputs/2021-10-14/21-46-05/lotka_volterra/tmnre-4d-0.1scale-1-100000
15,lotka_volterra,6401,123207,2,tmnre,2363257532,4,5,0.5184999704360962,0.54830002784729,0.5533000230789185,0.5354999899864197,,,,,,,0.6776999831199646,0.5878000259399414,0.6801000237464905,,,,,,,0.5931000113487244,0.6802999973297119,,,,,,,0.6129000186920166,,,,,,,,,,,,,,,,,,,,,,,,,,,,2.1556999683380127,0.5389000177383423,0.00019999999494757503,3.831899881362915,0.6385999917984009,0.002099999925121665,5698.1875,/home/ben/sci/tmnre/outputs/2021-10-14/21-46-05/lotka_volterra/tmnre-4d-0.1scale-2-100000,/home/ben/sci/tmnre/outputs/2021-10-14/21-46-05/lotka_volterra/tmnre-4d-0.1scale-2-100000
16,lotka_volterra,13328,115850,7,tmnre,2389942889,4,5,0.5418000221252441,0.5289000272750854,0.5526000261306763,0.5128999948501587,,,,,,,0.5651999711990356,0.5812000036239624,0.5591999888420105,,,,,,,0.6367999911308289,0.5608000159263611,,,,,,,0.6039000153541565,,,,,,,,,,,,,,,,,,,,,,,,,,,,2.1361000537872314,0.5339999794960022,0.0003000000142492354,3.5071001052856445,0.5845000147819519,0.0008999999845400453,5593.7153,/home/ben/sci/tmnre/outputs/2021-10-14/21-46-05/lotka_volterra/tmnre-4d-0.1scale-7-100000,/home/ben/sci/tmnre/outputs/2021-10-14/21-46-05/lotka_volterra/tmnre-4d-0.1scale-7-100000
17,lotka_volterra,26803,103834,3,tmnre,3115736076,4,4,0.5198000073432922,0.5008000135421753,0.5508000254631042,0.5162000060081482,,,,,,,0.6373000144958496,0.5429999828338623,0.6312000155448914,,,,,,,0.642799973487854,0.6021999716758728,,,,,,,0.5866000056266785,,,,,,,,,,,,,,,,,,,,,,,,,,,,2.087599992752075,0.5218999981880188,0.00039999998989515007,3.6429998874664307,0.607200026512146,0.001500000013038516,5146.819,/home/ben/sci/tmnre/outputs/2021-10-14/21-46-05/lotka_volterra/tmnre-4d-0.1scale-3-100000,/home/ben/sci/tmnre/outputs/2021-10-14/21-46-05/lotka_volterra/tmnre-4d-0.1scale-3-100000
18,lotka_volterra,24713,104673,9,tmnre,410835662,4,4,0.5145000219345093,0.5486000180244446,0.5260999798774719,0.5386000275611877,,,,,,,0.5572999715805054,0.5623000264167786,0.598800003528595,,,,,,,0.5285000205039978,0.6064000129699707,,,,,,,0.5817000269889832,,,,,,,,,,,,,,,,,,,,,,,,,,,,2.1278998851776123,0.5320000052452087,0.00019999999494757503,3.434999942779541,0.5724999904632568,0.0007999999797903001,5045.4004,/home/ben/sci/tmnre/outputs/2021-10-14/21-46-05/lotka_volterra/tmnre-4d-0.1scale-9-100000,/home/ben/sci/tmnre/outputs/2021-10-14/21-46-05/lotka_volterra/tmnre-4d-0.1scale-9-100000
19,lotka_volterra,14367,115328,5,tmnre,326648529,4,5,0.5112000107765198,0.536899983882904,0.5313000082969666,0.6593000292778015,,,,,,,0.6575000286102295,0.6110000014305115,0.6991999745368958,,,,,,,0.6255000233650208,0.5651999711990356,,,,,,,0.5521000027656555,,,,,,,,,,,,,,,,,,,,,,,,,,,,2.2386999130249023,0.5597000122070312,0.0044999998062849045,3.7105000019073486,0.618399977684021,0.003100000089034438,5581.4937,/home/ben/sci/tmnre/outputs/2021-10-14/21-46-05/lotka_volterra/tmnre-4d-0.1scale-5-100000,/home/ben/sci/tmnre/outputs/2021-10-14/21-46-05/lotka_volterra/tmnre-4d-0.1scale-5-100000
20,lotka_volterra,772,11916,3,tmnre,637529879,4,6,0.5339000225067139,0.6572999954223633,0.7382000088691711,0.6014999747276306,,,,,,,0.6078000068664551,0.8162999749183655,0.9120000004768372,,,,,,,0.8999999761581421,0.6718000173568726,,,,,,,0.835099995136261,,,,,,,,,,,,,,,,,,,,,,,,,,,,2.530900001525879,0.6327000260353088,0.007499999832361937,4.743100166320801,0.7904999852180481,0.015399999916553497,962.0404,/home/ben/sci/tmnre/outputs/2021-07-17/10-41-33/lotka_volterra/tmnre-4d-0.1scale-3-10000,/home/ben/sci/tmnre/outputs/2021-07-17/10-41-33/lotka_volterra/tmnre-4d-0.1scale-3-10000
21,lotka_volterra,7601,9824,10,tmnre,395871135,4,3,0.8622000217437744,0.7634000182151794,0.8906000256538391,0.8550000190734863,,,,,,,0.9090999960899353,0.9265000224113464,0.9509999752044678,,,,,,,0.8885999917984009,0.8712000250816345,,,,,,,0.8999000191688538,,,,,,,,,,,,,,,,,,,,,,,,,,,,3.3712000846862793,0.8428000211715698,0.003000000026077032,5.446400165557861,0.9077000021934509,0.0007999999797903001,802.64514,/home/ben/sci/tmnre/outputs/2021-07-17/10-41-33/lotka_volterra/tmnre-4d-0.1scale-10-10000,/home/ben/sci/tmnre/outputs/2021-07-17/10-41-33/lotka_volterra/tmnre-4d-0.1scale-10-10000
22,lotka_volterra,1014,1014,6,tmnre,499230450,4,1,0.9233999848365784,0.9060999751091003,0.9416000247001648,0.9205999970436096,,,,,,,0.9836999773979187,0.9876999855041504,0.9480999708175659,,,,,,,0.9919999837875366,0.9581999778747559,,,,,,,0.9869999885559082,,,,,,,,,,,,,,,,,,,,,,,,,,,,3.691699981689453,0.9229000210762024,0.00019999999494757503,5.856800079345703,0.9761000275611877,0.0003000000142492354,253.9549,/home/ben/sci/tmnre/outputs/2021-07-17/10-41-33/lotka_volterra/tmnre-4d-0.1scale-6-1000,/home/ben/sci/tmnre/outputs/2021-07-17/10-41-33/lotka_volterra/tmnre-4d-0.1scale-6-1000
23,lotka_volterra,1031,1031,5,tmnre,1855884318,4,1,0.9125000238418579,0.8496999740600586,0.871999979019165,0.9071000218391418,,,,,,,0.9915000200271606,0.9954000115394592,0.9973999857902527,,,,,,,0.9613000154495239,0.9933000206947327,,,,,,,0.9807999730110168,,,,,,,,,,,,,,,,,,,,,,,,,,,,3.541300058364868,0.8852999806404114,0.0008999999845400453,5.91949987411499,0.9865999817848206,0.00019999999494757503,238.50865,/home/ben/sci/tmnre/outputs/2021-07-17/10-41-33/lotka_volterra/tmnre-4d-0.1scale-5-1000,/home/ben/sci/tmnre/outputs/2021-07-17/10-41-33/lotka_volterra/tmnre-4d-0.1scale-5-1000
24,lotka_volterra,983,983,9,tmnre,1675690778,4,1,0.8931999802589417,0.8051999807357788,0.8709999918937683,0.8458999991416931,,,,,,,0.9879999756813049,0.9951000213623047,0.9947999715805054,,,,,,,0.9430999755859375,0.9402999877929688,,,,,,,0.9739999771118164,,,,,,,,,,,,,,,,,,,,,,,,,,,,3.415299892425537,0.8537999987602234,0.00139999995008111,5.8354997634887695,0.972599983215332,0.0006000000284984708,244.25136,/home/ben/sci/tmnre/outputs/2021-07-17/10-41-33/lotka_volterra/tmnre-4d-0.1scale-9-1000,/home/ben/sci/tmnre/outputs/2021-07-17/10-41-33/lotka_volterra/tmnre-4d-0.1scale-9-1000
25,lotka_volterra,1037,1037,2,tmnre,1623500595,4,1,0.9873999953269958,0.8009999990463257,0.9674000144004822,0.9265000224113464,,,,,,,0.9990000128746033,0.9991000294685364,0.9922999739646912,,,,,,,0.9948999881744385,0.9865000247955322,,,,,,,0.9994999766349792,,,,,,,,,,,,,,,,,,,,,,,,,,,,3.682300090789795,0.9205999970436096,0.007000000216066837,5.97130012512207,0.995199978351593,2.6157000320381485e-05,257.7996,/home/ben/sci/tmnre/outputs/2021-07-17/10-41-33/lotka_volterra/tmnre-4d-0.1scale-2-1000,/home/ben/sci/tmnre/outputs/2021-07-17/10-41-33/lotka_volterra/tmnre-4d-0.1scale-2-1000
26,lotka_volterra,987,987,8,tmnre,2774419761,4,1,0.8719000220298767,0.8090000152587891,0.8348000049591064,0.9417999982833862,,,,,,,0.9869999885559082,0.9772999882698059,0.993399977684021,,,,,,,0.9670000076293945,0.9911999702453613,,,,,,,0.9944000244140625,,,,,,,,,,,,,,,,,,,,,,,,,,,,3.45740008354187,0.8644000291824341,0.0032999999821186066,5.910399913787842,0.9850999712944031,9.999999747378752e-05,344.8923,/home/ben/sci/tmnre/outputs/2021-07-17/10-41-33/lotka_volterra/tmnre-4d-0.1scale-8-1000,/home/ben/sci/tmnre/outputs/2021-07-17/10-41-33/lotka_volterra/tmnre-4d-0.1scale-8-1000
27,lotka_volterra,9994,9994,5,tmnre,2217704069,4,1,0.9305999875068665,0.7342000007629395,0.9154000282287598,0.9180999994277954,,,,,,,0.9068999886512756,0.9520000219345093,0.9839000105857849,,,,,,,0.8895999789237976,0.8471999764442444,,,,,,,0.9714999794960022,,,,,,,,,,,,,,,,,,,,,,,,,,,,3.498300075531006,0.8745999932289124,0.008799999952316284,5.551199913024902,0.9251999855041504,0.00279999990016222,649.30774,/home/ben/sci/tmnre/outputs/2021-07-17/10-41-33/lotka_volterra/tmnre-4d-0.1scale-5-10000,/home/ben/sci/tmnre/outputs/2021-07-17/10-41-33/lotka_volterra/tmnre-4d-0.1scale-5-10000
28,lotka_volterra,1038,1038,3,tmnre,3150587654,4,1,0.9629999995231628,0.8195000290870667,0.9053999781608582,0.8913000226020813,,,,,,,0.9940000176429749,0.9908000230789185,0.9860000014305115,,,,,,,0.9743000268936157,0.9502999782562256,,,,,,,0.9753000140190125,,,,,,,,,,,,,,,,,,,,,,,,,,,,3.5792999267578125,0.8948000073432922,0.0035000001080334187,5.87060022354126,0.9783999919891357,0.0003000000142492354,264.40253,/home/ben/sci/tmnre/outputs/2021-07-17/10-41-33/lotka_volterra/tmnre-4d-0.1scale-3-1000,/home/ben/sci/tmnre/outputs/2021-07-17/10-41-33/lotka_volterra/tmnre-4d-0.1scale-3-1000
29,lotka_volterra,986,986,7,tmnre,3810256845,4,1,0.9991000294685364,0.9968000054359436,0.9965999722480774,0.9508000016212463,,,,,,,0.9998999834060669,0.9986000061035156,1.0,,,,,,,0.9998000264167786,0.9973000288009644,,,,,,,0.9994000196456909,,,,,,,,,,,,,,,,,,,,,,,,,,,,3.9433000087738037,0.98580002784729,0.0005000000237487257,5.994900226593018,0.9991999864578247,1.145400005952979e-06,278.20065,/home/ben/sci/tmnre/outputs/2021-07-17/10-41-33/lotka_volterra/tmnre-4d-0.1scale-7-1000,/home/ben/sci/tmnre/outputs/2021-07-17/10-41-33/lotka_volterra/tmnre-4d-0.1scale-7-1000
30,lotka_volterra,1016,1016,10,tmnre,1401570189,4,1,0.8755999803543091,0.8101999759674072,0.8999999761581421,0.8406000137329102,,,,,,,0.9578999876976013,0.9876000285148621,0.9908000230789185,,,,,,,0.9860000014305115,0.907800018787384,,,,,,,0.9735999703407288,,,,,,,,,,,,,,,,,,,,,,,,,,,,3.4263999462127686,0.8565999865531921,0.0015999999595806003,5.803800106048584,0.9672999978065491,0.0010000000474974513,259.95346,/home/ben/sci/tmnre/outputs/2021-07-17/10-41-33/lotka_volterra/tmnre-4d-0.1scale-10-1000,/home/ben/sci/tmnre/outputs/2021-07-17/10-41-33/lotka_volterra/tmnre-4d-0.1scale-10-1000
31,lotka_volterra,1051,1051,1,tmnre,2441599578,4,1,0.9405999779701233,0.8054999709129333,0.9049000144004822,0.9488000273704529,,,,,,,0.9771000146865845,0.9883000254631042,0.9940999746322632,,,,,,,0.9811999797821045,0.9919000267982483,,,,,,,0.9965999722480774,,,,,,,,,,,,,,,,,,,,,,,,,,,,3.599900007247925,0.8999999761581421,0.00430000014603138,5.929100036621094,0.9882000088691711,5.792400042992085e-05,245.69066,/home/ben/sci/tmnre/outputs/2021-07-17/10-41-33/lotka_volterra/tmnre-4d-0.1scale-1-1000,/home/ben/sci/tmnre/outputs/2021-07-17/10-41-33/lotka_volterra/tmnre-4d-0.1scale-1-1000
32,lotka_volterra,864,966,4,tmnre,3481287311,4,2,0.8810999989509583,0.9991999864578247,0.9225999712944031,0.9398000240325928,,,,,,,1.0,0.9922999739646912,0.9998000264167786,,,,,,,0.9969000220298767,0.9919000267982483,,,,,,,0.9976999759674072,,,,,,,,,,,,,,,,,,,,,,,,,,,,3.7427000999450684,0.935699999332428,0.002400000113993883,5.978600025177002,0.996399998664856,1.2497000170696992e-05,350.51898,/home/ben/sci/tmnre/outputs/2021-07-17/10-41-33/lotka_volterra/tmnre-4d-0.1scale-4-1000,/home/ben/sci/tmnre/outputs/2021-07-17/10-41-33/lotka_volterra/tmnre-4d-0.1scale-4-1000
33,gaussian_linear,32327,99861,1,tmnre,2400474020,10,6,0.8353000283241272,0.698199987411499,0.6079000234603882,0.5842000246047974,0.8331000208854675,0.5928000211715698,0.5859000086784363,0.6218000054359436,0.6550999879837036,0.6574000120162964,0.8758999705314636,0.8529000282287598,0.8522999882698059,0.9164000153541565,0.8539999723434448,0.8586000204086304,0.8421000242233276,0.8615999817848206,0.8507999777793884,0.7401999831199646,0.73089998960495,0.870199978351593,0.7317000031471252,0.7319999933242798,0.7484999895095825,0.7684000134468079,0.733299970626831,0.6262000203132629,0.8288999795913696,0.6399000287055969,0.6539000272750854,0.6705999970436096,0.6995000243186951,0.6765999794006348,0.8446000218391418,0.6068000197410583,0.6086999773979187,0.65829998254776,0.6948999762535095,0.6617000102996826,0.8361999988555908,0.8464000225067139,0.8712000250816345,0.8668000102043152,0.8471999764442444,0.6456999778747559,0.6506999731063843,0.7009000182151794,0.6579999923706055,0.6553000211715698,0.6769000291824341,0.6571000218391418,0.7125999927520752,0.6930999755859375,0.6927000284194946,6.6717000007629395,0.6672000288963318,0.009100000374019146,33.70119857788086,0.7488999962806702,0.00860000029206276,2765.1865,/home/ben/sci/tmnre/outputs/2021-07-17/10-41-33/gaussian_linear/tmnre-10d-0.1scale-1-100000,/home/ben/sci/tmnre/outputs/2021-07-17/10-41-33/gaussian_linear/tmnre-10d-0.1scale-1-100000
34,gaussian_linear,383,986,1,tmnre,2593984583,10,3,0.7893000245094299,0.8525000214576721,0.611299991607666,0.6269999742507935,0.7580999732017517,0.7062000036239624,0.515500009059906,0.5335000157356262,0.7541999816894531,0.6079999804496765,0.9664999842643738,0.8920999765396118,0.9125000238418579,0.8331999778747559,0.8427000045776367,0.9642999768257141,0.9327999949455261,0.9854999780654907,0.9513000249862671,0.8827000260353088,0.9283999800682068,0.7727000117301941,0.9273999929428101,0.6640999913215637,0.9682999849319458,0.6577000021934509,0.8281000256538391,0.7196999788284302,0.8108999729156494,0.8011000156402588,0.9645000100135803,0.692300021648407,0.9480999708175659,0.8043000102043152,0.7699000239372253,0.7598999738693237,0.9269999861717224,0.7261000275611877,0.8101999759674072,0.8507999777793884,0.7638000249862671,0.7547000050544739,0.8155999779701233,0.7853000164031982,0.8766999840736389,0.8551999926567078,0.8876000046730042,0.8069000244140625,0.6797000169754028,0.6895999908447266,0.7182999849319458,0.8849999904632568,0.7576000094413757,0.8141000270843506,0.79830002784729,6.755499839782715,0.675599992275238,0.012799999676644802,37.383399963378906,0.8306999802589417,0.00860000029206276,819.00806,/home/ben/sci/tmnre/outputs/2021-07-17/10-41-33/gaussian_linear/tmnre-10d-0.1scale-1-1000,/home/ben/sci/tmnre/outputs/2021-07-17/10-41-33/gaussian_linear/tmnre-10d-0.1scale-1-1000
35,gaussian_linear,362,972,7,tmnre,3350864754,10,3,0.5666000247001648,0.7789999842643738,0.9017999768257141,0.8766000270843506,0.8754000067710876,0.7419999837875366,0.782800018787384,0.864300012588501,0.8389000296592712,0.7427999973297119,0.7297999858856201,0.9958999752998352,0.6204000115394592,0.9362999796867371,0.8513000011444092,0.8870000243186951,0.6503000259399414,0.9746999740600586,0.9599999785423279,0.9506000280380249,0.6844000220298767,0.967199981212616,0.815500020980835,0.8769999742507935,0.9061999917030334,0.9764999747276306,0.9294999837875366,0.794700026512146,0.9247000217437744,0.8359000086784363,0.9286999702453613,0.7505999803543091,0.9467999935150146,0.9613999724388123,0.7857000231742859,0.7836999893188477,0.7865999937057495,0.7721999883651733,0.7229999899864197,0.815500020980835,0.8985999822616577,0.9139999747276306,0.8342000246047974,0.9811999797821045,0.9886000156402588,0.8533999919891357,0.8151000142097473,0.9164000153541565,0.9387999773025513,0.9621999859809875,0.8657000064849854,0.9212999939918518,0.8195000290870667,0.6858999729156494,0.9311000108718872,7.970099925994873,0.796999990940094,0.00989999994635582,38.84809875488281,0.8633000254631042,0.009700000286102295,699.86914,/home/ben/sci/tmnre/outputs/2021-07-17/10-41-33/gaussian_linear/tmnre-10d-0.1scale-7-1000,/home/ben/sci/tmnre/outputs/2021-07-17/10-41-33/gaussian_linear/tmnre-10d-0.1scale-7-1000
36,gaussian_linear,1065,1065,6,tmnre,3067204818,10,1,0.6513000130653381,0.671500027179718,0.8294000029563904,0.8008999824523926,0.6980999708175659,0.7501999735832214,0.8525999784469604,0.8223000168800354,0.670199990272522,0.7925999760627747,0.9140999913215637,0.8863999843597412,0.8960999846458435,0.8690000176429749,0.8733999729156494,0.923799991607666,0.9484999775886536,0.917900025844574,0.9196000099182129,0.968500018119812,0.9815000295639038,0.9700999855995178,0.9908000230789185,0.8866999745368958,0.975600004196167,0.8842999935150146,0.9775999784469604,0.8946999907493591,0.980400025844574,0.8970999717712402,0.9452999830245972,0.9894000291824341,0.859000027179718,0.8367000222206116,0.9279000163078308,0.9958000183105469,0.9929999709129333,0.9660999774932861,0.9908000230789185,0.9211999773979187,0.9106000065803528,0.8723999857902527,0.9383000135421753,0.9911999702453613,0.9240999817848206,0.8723000288009644,0.9667999744415283,0.9462000131607056,0.9922000169754028,0.9031000137329102,0.9100000262260437,0.9531999826431274,0.9261999726295471,0.9139999747276306,0.9843999743461609,7.539299964904785,0.7538999915122986,0.00570000009611249,41.986000061035156,0.9330000281333923,0.0019000000320374966,634.76874,/home/ben/sci/tmnre/outputs/2021-07-17/10-41-33/gaussian_linear/tmnre-10d-0.1scale-6-1000,/home/ben/sci/tmnre/outputs/2021-07-17/10-41-33/gaussian_linear/tmnre-10d-0.1scale-6-1000
37,gaussian_linear,960,960,3,tmnre,4109685062,10,1,0.684499979019165,0.7570000290870667,0.6887000203132629,0.7882000207901001,0.6841999888420105,0.7038000226020813,0.9243000149726868,0.9247000217437744,0.5968999862670898,0.8460999727249146,0.8780999779701233,0.9786999821662903,0.977400004863739,0.9836000204086304,0.9754999876022339,0.90829998254776,0.9703999757766724,0.9595000147819519,0.9491999745368958,0.8615999817848206,0.923799991607666,0.9495000243186951,0.9002000093460083,0.8892999887466431,0.9679999947547913,0.9527999758720398,0.9017999768257141,0.9462000131607056,0.896399974822998,0.9574000239372253,0.9169999957084656,0.8080000281333923,0.9272000193595886,0.9083999991416931,0.9815999865531921,0.9276000261306763,0.9441999793052673,0.887499988079071,0.9824000000953674,0.8824999928474426,0.8733000159263611,0.9397000074386597,0.9178000092506409,0.9107000231742859,0.9053999781608582,0.9732999801635742,0.9559000134468079,0.9333000183105469,0.9714999794960022,0.9556000232696533,0.9779000282287598,0.9829999804496765,0.8715999722480774,0.9843999743461609,0.9620000123977661,7.598400115966797,0.7598000168800354,0.01209999993443489,42.009300231933594,0.9334999918937683,0.0017000000225380063,742.84344,/home/ben/sci/tmnre/outputs/2021-07-17/10-41-33/gaussian_linear/tmnre-10d-0.1scale-3-1000,/home/ben/sci/tmnre/outputs/2021-07-17/10-41-33/gaussian_linear/tmnre-10d-0.1scale-3-1000
38,gaussian_linear,25259,106081,5,tmnre,1105280915,10,5,0.5767999887466431,0.5946000218391418,0.599399983882904,0.6306999921798706,0.5874999761581421,0.739799976348877,0.6934000253677368,0.6553000211715698,0.6797000169754028,0.6456000208854675,0.6496000289916992,0.6534000039100647,0.6331999897956848,0.6370000243186951,0.7469000220298767,0.7192000150680542,0.6661999821662903,0.70660001039505,0.6664999723434448,0.6582000255584717,0.6463000178337097,0.6309999823570251,0.7311999797821045,0.7329000234603882,0.6614000201225281,0.7218999862670898,0.6837000250816345,0.6449000239372253,0.6151999831199646,0.7254999876022339,0.7197999954223633,0.6812999844551086,0.7053999900817871,0.6797999739646912,0.6471999883651733,0.7318000197410583,0.717199981212616,0.678600013256073,0.7117000222206116,0.666700005531311,0.7570000290870667,0.7253000140190125,0.6586999893188477,0.7049000263214111,0.6898000240325928,0.7688000202178955,0.7484999895095825,0.7609999775886536,0.7537999749183655,0.7379999756813049,0.7843000292778015,0.7421000003814697,0.7202000021934509,0.6970000267028809,0.7305999994277954,6.402900218963623,0.6402999758720398,0.00279999990016222,31.4507999420166,0.6988999843597412,0.0017999999690800905,2512.284,/home/ben/sci/tmnre/outputs/2021-07-17/10-41-33/gaussian_linear/tmnre-10d-0.1scale-5-100000,/home/ben/sci/tmnre/outputs/2021-07-17/10-41-33/gaussian_linear/tmnre-10d-0.1scale-5-100000
39,gaussian_linear,30570,99900,6,tmnre,309453905,10,4,0.6274999976158142,0.6029000282287598,0.6291000247001648,0.7125999927520752,0.5866000056266785,0.6051999926567078,0.635699987411499,0.729200005531311,0.6517999768257141,0.6043999791145325,0.6581000089645386,0.7149999737739563,0.7576000094413757,0.6617000102996826,0.6607000231742859,0.6837999820709229,0.7709000110626221,0.6891000270843506,0.65829998254776,0.690500020980835,0.7455999851226807,0.6345999836921692,0.6456000208854675,0.644599974155426,0.7667999863624573,0.6751999855041504,0.6449000239372253,0.7602999806404114,0.6937999725341797,0.694100022315979,0.6987000107765198,0.7746999859809875,0.7200999855995178,0.7024999856948853,0.7379000186920166,0.7497000098228455,0.7628999948501587,0.8136000037193298,0.7664999961853027,0.708899974822998,0.6367999911308289,0.6754999756813049,0.7512999773025513,0.6496000289916992,0.6323999762535095,0.6859999895095825,0.7602999806404114,0.6841999888420105,0.6578999757766724,0.7633000016212463,0.6984000205993652,0.6718999743461609,0.77920001745224,0.7634000182151794,0.6786999702453613,6.384900093078613,0.6384999752044678,0.002300000051036477,31.77549934387207,0.7060999870300293,0.002400000113993883,2363.5208,/home/ben/sci/tmnre/outputs/2021-07-17/10-41-33/gaussian_linear/tmnre-10d-0.1scale-6-100000,/home/ben/sci/tmnre/outputs/2021-07-17/10-41-33/gaussian_linear/tmnre-10d-0.1scale-6-100000
40,gaussian_linear,3446,9966,7,tmnre,3305561353,10,4,0.8288999795913696,0.5997999906539917,0.6725999712944031,0.5878999829292297,0.5867000222206116,0.5774000287055969,0.6815999746322632,0.5892999768257141,0.7103000283241272,0.805400013923645,0.7892000079154968,0.7947999835014343,0.6363000273704529,0.6780999898910522,0.7792999744415283,0.828000009059906,0.7465999722480774,0.6513000130653381,0.7957000136375427,0.7257999777793884,0.578499972820282,0.718500018119812,0.6366999745368958,0.777400016784668,0.6905999779701233,0.7777000069618225,0.767799973487854,0.7932000160217285,0.8263999819755554,0.6358000040054321,0.7609999775886536,0.7261000275611877,0.754800021648407,0.8245000243186951,0.6711999773979187,0.6661999821662903,0.73089998960495,0.6345000267028809,0.8126999735832214,0.7904000282287598,0.5946999788284302,0.7613000273704529,0.6399999856948853,0.6740999817848206,0.7955999970436096,0.7253999710083008,0.6811000108718872,0.7260000109672546,0.7720000147819519,0.7221999764442444,0.6646999716758728,0.9305999875068665,0.7095999717712402,0.6747000217437744,0.8324999809265137,6.640100002288818,0.6639999747276306,0.008700000122189522,32.90420150756836,0.7311999797821045,0.005400000140070915,505.8489,/home/ben/sci/tmnre/outputs/2021-07-17/10-41-33/gaussian_linear/tmnre-10d-0.1scale-7-10000,/home/ben/sci/tmnre/outputs/2021-07-17/10-41-33/gaussian_linear/tmnre-10d-0.1scale-7-10000
41,gaussian_linear,2096,11051,5,tmnre,2389798831,10,5,0.5752999782562256,0.7075999975204468,0.6103000044822693,0.6499999761581421,0.5604000091552734,0.9014999866485596,0.6535999774932861,0.6381000280380249,0.5367000102996826,0.609499990940094,0.8644999861717224,0.6205999851226807,0.5957000255584717,0.605400025844574,0.720300018787384,0.8277999758720398,0.7835000157356262,0.6161999702453613,0.6398000121116638,0.6596999764442444,0.7857999801635742,0.6636000275611877,0.8532999753952026,0.7214000225067139,0.7939000129699707,0.7132999897003174,0.7006000280380249,0.6837000250816345,0.696399986743927,0.8597999811172485,0.86080002784729,0.6578999757766724,0.7588000297546387,0.6510000228881836,0.6370999813079834,0.5738999843597412,0.7472000122070312,0.7304999828338623,0.7789999842643738,0.7983999848365784,0.9071999788284302,0.8359000086784363,0.7700999975204468,0.6481000185012817,0.6970999836921692,0.8712999820709229,0.8878999948501587,0.8673999905586243,0.7620000243186951,0.6933000087738037,0.7990000247955322,0.7735999822616577,0.8260999917984009,0.6980999708175659,0.7781999707221985,6.4430999755859375,0.6442999839782715,0.010700000450015068,33.41550064086914,0.7426000237464905,0.00800000037997961,506.8965,/home/ben/sci/tmnre/outputs/2021-07-17/10-41-33/gaussian_linear/tmnre-10d-0.1scale-5-10000,/home/ben/sci/tmnre/outputs/2021-07-17/10-41-33/gaussian_linear/tmnre-10d-0.1scale-5-10000
42,gaussian_linear,50155,100159,10,tmnre,181807051,10,4,0.6703000068664551,0.7235999703407288,0.633899986743927,0.7437000274658203,0.7882000207901001,0.7153000235557556,0.6047000288963318,0.6751999855041504,0.6486999988555908,0.8015000224113464,0.7692999839782715,0.7342000007629395,0.7982000112533569,0.828000009059906,0.7558000087738037,0.7121999859809875,0.739799976348877,0.7364000082015991,0.8328999876976013,0.7512000203132629,0.8342000246047974,0.83160001039505,0.7989000082015991,0.7372000217437744,0.7746999859809875,0.7781000137329102,0.8580999970436096,0.7609000205993652,0.817300021648407,0.7376999855041504,0.6600000262260437,0.7311000227928162,0.6800000071525574,0.8288999795913696,0.8533999919891357,0.8090999722480774,0.7757999897003174,0.8055999875068665,0.7942000031471252,0.8691999912261963,0.8349000215530396,0.7930999994277954,0.8291000127792358,0.8062000274658203,0.890500009059906,0.7411999702453613,0.7617999911308289,0.7534000277519226,0.8518999814987183,0.7200000286102295,0.6690000295639038,0.8410000205039978,0.733299970626831,0.8424000144004822,0.8141000270843506,7.005199909210205,0.7005000114440918,0.00430000014603138,35.275901794433594,0.7839000225067139,0.003000000026077032,2706.5708,/home/ben/sci/tmnre/outputs/2021-07-17/10-41-33/gaussian_linear/tmnre-10d-0.1scale-10-100000,/home/ben/sci/tmnre/outputs/2021-07-17/10-41-33/gaussian_linear/tmnre-10d-0.1scale-10-100000
43,gaussian_linear,1723,11053,1,tmnre,2802979545,10,5,0.7354999780654907,0.8267999887466431,0.6565999984741211,0.6061000227928162,0.739799976348877,0.6359000205993652,0.5608000159263611,0.6129999756813049,0.6597999930381775,0.7770000100135803,0.8827999830245972,0.8723999857902527,0.8270999789237976,0.9761999845504761,0.902999997138977,0.7458999752998352,0.8813999891281128,0.692799985408783,0.8475000262260437,0.6833999752998352,0.5907999873161316,0.9103999733924866,0.6822999715805054,0.6872000098228455,0.6862999796867371,0.8345999717712402,0.847599983215332,0.8072999715805054,0.8788999915122986,0.7071999907493591,0.7160999774932861,0.6561999917030334,0.85589998960495,0.7770000100135803,0.739300012588501,0.6015999913215637,0.6639000177383423,0.771399974822998,0.7063000202178955,0.7893000245094299,0.8450000286102295,0.9262999892234802,0.9379000067710876,0.916100025177002,0.932200014591217,0.6456999778747559,0.6765000224113464,0.6699000000953674,0.8414000272750854,0.7993000149726868,0.8416000008583069,0.7311000227928162,0.6855999827384949,0.7486000061035156,0.7300999760627747,6.811200141906738,0.6811000108718872,0.007199999876320362,35.14970016479492,0.7810999751091003,0.010099999606609344,510.41617,/home/ben/sci/tmnre/outputs/2021-07-17/10-41-33/gaussian_linear/tmnre-10d-0.1scale-1-10000,/home/ben/sci/tmnre/outputs/2021-07-17/10-41-33/gaussian_linear/tmnre-10d-0.1scale-1-10000
44,gaussian_linear,2710,10487,8,tmnre,4038167656,10,6,0.6097999811172485,0.8658999800682068,0.6004999876022339,0.5975000262260437,0.7541000247001648,0.6438999772071838,0.8309000134468079,0.6104999780654907,0.673799991607666,0.7810999751091003,0.8327000141143799,0.7461000084877014,0.6762999892234802,0.8385999798774719,0.7131999731063843,0.9061999917030334,0.6582000255584717,0.7347000241279602,0.7631000280380249,0.832099974155426,0.8521000146865845,0.8827000260353088,0.9700000286102295,0.7825999855995178,0.8220000267028809,0.9660999774932861,0.891700029373169,0.671999990940094,0.7807999849319458,0.6711999773979187,0.9003999829292297,0.6345000267028809,0.7156999707221985,0.7382000088691711,0.8820000290870667,0.7389000058174133,0.8331999778747559,0.6894000172615051,0.7760000228881836,0.7379999756813049,0.7681000232696533,0.7885000109672546,0.7103000283241272,0.862500011920929,0.8702999949455261,0.9088000059127808,0.6312000155448914,0.8967000246047974,0.8241000175476074,0.9488000273704529,0.9598000049591064,0.8309999704360962,0.7631000280380249,0.626800000667572,0.7990000247955322,6.967899799346924,0.6967999935150146,0.010499999858438969,35.827701568603516,0.7961999773979187,0.009100000374019146,562.7579,/home/ben/sci/tmnre/outputs/2021-07-17/10-41-33/gaussian_linear/tmnre-10d-0.1scale-8-10000,/home/ben/sci/tmnre/outputs/2021-07-17/10-41-33/gaussian_linear/tmnre-10d-0.1scale-8-10000
45,gaussian_linear,4292,10013,6,tmnre,2441553561,10,3,0.6546000242233276,0.617900013923645,0.6158000230789185,0.8022000193595886,0.6190000176429749,0.7063000202178955,0.6373999714851379,0.7799999713897705,0.6129999756813049,0.5831999778747559,0.5914999842643738,0.7379999756813049,0.8492000102996826,0.649399995803833,0.742900013923645,0.6636000275611877,0.7110000252723694,0.6787999868392944,0.642300009727478,0.7490000128746033,0.6988999843597412,0.6496999859809875,0.6326000094413757,0.63919997215271,0.7457000017166138,0.701200008392334,0.6571000218391418,0.7348999977111816,0.7803999781608582,0.7634000182151794,0.6347000002861023,0.7839999794960022,0.796500027179718,0.760200023651123,0.8360000252723694,0.7753000259399414,0.8794999718666077,0.8080999851226807,0.8255000114440918,0.8443999886512756,0.6503000259399414,0.6593999862670898,0.8026000261306763,0.7415000200271606,0.6399999856948853,0.6816999912261963,0.6751999855041504,0.7281000018119812,0.6414999961853027,0.79830002784729,0.6952000260353088,0.6611999869346619,0.8285999894142151,0.7595999836921692,0.6628999710083008,6.629199981689453,0.6628999710083008,0.00559999980032444,32.58919906616211,0.7242000102996826,0.0052999998442828655,497.08844,/home/ben/sci/tmnre/outputs/2021-07-17/10-41-33/gaussian_linear/tmnre-10d-0.1scale-6-10000,/home/ben/sci/tmnre/outputs/2021-07-17/10-41-33/gaussian_linear/tmnre-10d-0.1scale-6-10000
46,gaussian_linear,33148,100166,9,tmnre,378752667,10,5,0.6198999881744385,0.6331999897956848,0.6168000102043152,0.6729999780654907,0.7768999934196472,0.8119000196456909,0.5720999836921692,0.6097000241279602,0.6901999711990356,0.6100000143051147,0.6772000193595886,0.6876999735832214,0.7174000144004822,0.7800999879837036,0.8202000260353088,0.6539000272750854,0.6535000205039978,0.7303000092506409,0.6628999710083008,0.7109000086784363,0.7347000241279602,0.7918000221252441,0.809499979019165,0.6823999881744385,0.6942999958992004,0.7264999747276306,0.6891000270843506,0.7372000217437744,0.802299976348877,0.832099974155426,0.6610999703407288,0.6963000297546387,0.7257000207901001,0.6869999766349792,0.8011999726295471,0.8399999737739563,0.714900016784668,0.7200999855995178,0.7713000178337097,0.7193999886512756,0.8727999925613403,0.7749000191688538,0.7926999926567078,0.832099974155426,0.7876999974250793,0.8220999836921692,0.8109999895095825,0.832099974155426,0.8152999877929688,0.6373000144958496,0.7077999711036682,0.6212000250816345,0.7390999794006348,0.6377999782562256,0.7263000011444092,6.613699913024902,0.6614000201225281,0.006099999882280827,33.341400146484375,0.7408999800682068,0.00430000014603138,2636.181,/home/ben/sci/tmnre/outputs/2021-07-17/10-41-33/gaussian_linear/tmnre-10d-0.1scale-9-100000,/home/ben/sci/tmnre/outputs/2021-07-17/10-41-33/gaussian_linear/tmnre-10d-0.1scale-9-100000
47,gaussian_linear,33577,99702,7,tmnre,617805579,10,4,0.6869999766349792,0.5983999967575073,0.7052000164985657,0.6032000184059143,0.5899999737739563,0.6068999767303467,0.6467000246047974,0.5799000263214111,0.7788000106811523,0.7415000200271606,0.7394000291824341,0.7835000157356262,0.7458000183105469,0.728600025177002,0.7246999740600586,0.7599999904632568,0.7365000247955322,0.8202999830245972,0.7800999879837036,0.7093999981880188,0.6205000281333923,0.635200023651123,0.6632000207901001,0.6891000270843506,0.635200023651123,0.7778000235557556,0.7519000172615051,0.7113999724388123,0.7203999757766724,0.7257999777793884,0.7311000227928162,0.6969000101089478,0.8238000273704529,0.8101999759674072,0.636900007724762,0.6546000242233276,0.7031999826431274,0.6396999955177307,0.7799000144004822,0.7591000199317932,0.6625000238418579,0.6829000115394592,0.6509000062942505,0.7853999733924866,0.7581999897956848,0.7067000269889832,0.6395000219345093,0.7875000238418579,0.772599995136261,0.6851999759674072,0.7979999780654907,0.7997000217437744,0.7818999886512756,0.7639999985694885,0.8392999768257141,6.537600040435791,0.6538000106811523,0.004900000058114529,32.80830001831055,0.7290999889373779,0.0035000001080334187,2265.4197,/home/ben/sci/tmnre/outputs/2021-07-17/10-41-33/gaussian_linear/tmnre-10d-0.1scale-7-100000,/home/ben/sci/tmnre/outputs/2021-07-17/10-41-33/gaussian_linear/tmnre-10d-0.1scale-7-100000
48,gaussian_linear,397,991,8,tmnre,1804796153,10,3,0.885200023651123,0.9150999784469604,0.6646999716758728,0.5952000021934509,0.9463000297546387,0.6097000241279602,0.9347000122070312,0.5763999819755554,0.6316999793052673,0.7804999947547913,0.907800018787384,0.9290000200271606,0.7925999760627747,0.7882999777793884,0.8144000172615051,0.9606999754905701,0.9150999784469604,0.758400022983551,0.9377999901771545,0.9571999907493591,0.9283000230789185,0.9042999744415283,0.703499972820282,0.9718000292778015,0.9577999711036682,0.7317000031471252,0.8716999888420105,0.8916000127792358,0.8896999955177307,0.8564000129699707,0.7527999877929688,0.9771000146865845,0.7200000286102295,0.9139999747276306,0.9448999762535095,0.9258000254631042,0.9624999761581421,0.711899995803833,0.734000027179718,0.7591999769210815,0.7778000235557556,0.9115999937057495,0.6697999835014343,0.7045999765396118,0.9071999788284302,0.9175999760627747,0.7067999839782715,0.7836999893188477,0.9456999897956848,0.8410999774932861,0.9467999935150146,0.9200000166893005,0.734499990940094,0.9211000204086304,0.7867000102996826,7.539599895477295,0.7540000081062317,0.023800000548362732,38.34510040283203,0.8521000146865845,0.008899999782443047,571.1641,/home/ben/sci/tmnre/outputs/2021-07-17/10-41-33/gaussian_linear/tmnre-10d-0.1scale-8-1000,/home/ben/sci/tmnre/outputs/2021-07-17/10-41-33/gaussian_linear/tmnre-10d-0.1scale-8-1000
49,gaussian_linear,1631,11756,4,tmnre,1768697634,10,5,0.6521000266075134,0.9132999777793884,0.7398999929428101,0.781499981880188,0.5525000095367432,0.5619999766349792,0.8906000256538391,0.7199000120162964,0.6517000198364258,0.8256000280380249,0.8920999765396118,0.9046000242233276,0.8069000244140625,0.73580002784729,0.8256000280380249,0.9110999703407288,0.7358999848365784,0.8726999759674072,0.9110000133514404,0.9323999881744385,0.9829999804496765,0.9510999917984009,0.8755000233650208,0.8819000124931335,0.9369999766349792,0.9009000062942505,0.9646000266075134,0.817300021648407,0.8978000283241272,0.7307000160217285,0.9394000172615051,0.9082000255584717,0.8845000267028809,0.8924000263214111,0.7092000246047974,0.7749999761581421,0.9128000140190125,0.781499981880188,0.6872000098228455,0.7419000267982483,0.6118000149726868,0.879800021648407,0.5662000179290771,0.8475000262260437,0.8342000246047974,0.9077000021934509,0.6097000241279602,0.7200999855995178,0.6335999965667725,0.8270999789237976,0.8270000219345093,0.8788999915122986,0.6036999821662903,0.6891999840736389,0.8532000184059143,7.2891998291015625,0.7289000153541565,0.01590000092983246,36.989601135253906,0.8220000267028809,0.011900000274181366,566.301,/home/ben/sci/tmnre/outputs/2021-07-17/10-41-33/gaussian_linear/tmnre-10d-0.1scale-4-10000,/home/ben/sci/tmnre/outputs/2021-07-17/10-41-33/gaussian_linear/tmnre-10d-0.1scale-4-10000
50,gaussian_linear,38648,99719,4,tmnre,644004475,10,4,0.6223000288009644,0.8109999895095825,0.7620000243186951,0.7182000279426575,0.6554999947547913,0.607200026512146,0.8694999814033508,0.5861999988555908,0.5896999835968018,0.7383999824523926,0.8090999722480774,0.8025000095367432,0.7357000112533569,0.6855000257492065,0.6632999777793884,0.8883000016212463,0.6780999898910522,0.6284000277519226,0.7597000002861023,0.8733000159263611,0.8618999719619751,0.8158000111579895,0.8209999799728394,0.9240999817848206,0.8098999857902527,0.7922999858856201,0.8547000288963318,0.8349999785423279,0.7975999712944031,0.8119000196456909,0.9160000085830688,0.8029000163078308,0.781000018119812,0.8396999835968018,0.7372999787330627,0.756600022315979,0.902999997138977,0.733299970626831,0.7365999817848206,0.8148999810218811,0.6722000241279602,0.8925999999046326,0.6453999876976013,0.6359999775886536,0.7645000219345093,0.8852999806404114,0.6352999806404114,0.6449000239372253,0.7491000294685364,0.882099986076355,0.8773999810218811,0.9099000096321106,0.5859000086784363,0.7497000098228455,0.7556999921798706,6.96019983291626,0.6959999799728394,0.009800000116229057,35.15549850463867,0.7811999917030334,0.008100000210106373,2325.651,/home/ben/sci/tmnre/outputs/2021-07-17/10-41-33/gaussian_linear/tmnre-10d-0.1scale-4-100000,/home/ben/sci/tmnre/outputs/2021-07-17/10-41-33/gaussian_linear/tmnre-10d-0.1scale-4-100000
51,gaussian_linear,3830,10007,2,tmnre,2415204278,10,5,0.630299985408783,0.7889000177383423,0.5878000259399414,0.7088000178337097,0.7856000065803528,0.6431999802589417,0.8162000179290771,0.5982000231742859,0.7246999740600586,0.5899999737739563,0.809499979019165,0.7932000160217285,0.6801999807357788,0.753000020980835,0.6539000272750854,0.7028999924659729,0.7186999917030334,0.8507000207901001,0.7390000224113464,0.7741000056266785,0.9003999829292297,0.8205999732017517,0.83160001039505,0.8744999766349792,0.8823000192642212,0.8733000159263611,0.8694999814033508,0.6912000179290771,0.8867999911308289,0.6639999747276306,0.7694000005722046,0.64410001039505,0.7297999858856201,0.6355999708175659,0.8294000029563904,0.6197999715805054,0.8126000165939331,0.6051999926567078,0.8942999839782715,0.7390999794006348,0.7943999767303467,0.817300021648407,0.7559000253677368,0.8730999827384949,0.754800021648407,0.8859000205993652,0.6151999831199646,0.8259999752044678,0.6384999752044678,0.858299970626831,0.866100013256073,0.8274000287055969,0.8108999729156494,0.6901999711990356,0.7839000225067139,6.873499870300293,0.6873000264167786,0.007899999618530273,34.84659957885742,0.774399995803833,0.007799999788403511,550.961,/home/ben/sci/tmnre/outputs/2021-07-17/10-41-33/gaussian_linear/tmnre-10d-0.1scale-2-10000,/home/ben/sci/tmnre/outputs/2021-07-17/10-41-33/gaussian_linear/tmnre-10d-0.1scale-2-10000
52,gaussian_linear,14252,115784,3,tmnre,3285186537,10,5,0.656499981880188,0.8310999870300293,0.644599974155426,0.5773000121116638,0.5916000008583069,0.6844000220298767,0.5871000289916992,0.7091000080108643,0.580299973487854,0.7401000261306763,0.871999979019165,0.7570000290870667,0.728600025177002,0.7261000275611877,0.7997999787330627,0.7142000198364258,0.7644000053405762,0.7286999821662903,0.7681999802589417,0.8471999764442444,0.850600004196167,0.8514000177383423,0.859000027179718,0.8510000109672546,0.8705999851226807,0.8503999710083008,0.8611000180244446,0.6672000288963318,0.6596999764442444,0.7415000200271606,0.6743999719619751,0.7218999862670898,0.6669999957084656,0.7753000259399414,0.5899999737739563,0.6915000081062317,0.6495000123977661,0.6855000257492065,0.6279000043869019,0.7605999708175659,0.7006999850273132,0.6367999911308289,0.692300021648407,0.6323999762535095,0.7253000140190125,0.7200000286102295,0.7599999904632568,0.6851000189781189,0.7910000085830688,0.7264999747276306,0.6445000171661377,0.7088000178337097,0.704200029373169,0.8036999702453613,0.7483999729156494,6.6020002365112305,0.6601999998092651,0.006899999920278788,33.291900634765625,0.739799976348877,0.00570000009611249,2191.6519,/home/ben/sci/tmnre/outputs/2021-07-17/10-41-33/gaussian_linear/tmnre-10d-0.1scale-3-100000,/home/ben/sci/tmnre/outputs/2021-07-17/10-41-33/gaussian_linear/tmnre-10d-0.1scale-3-100000
53,gaussian_linear,990,990,9,tmnre,1096517296,10,1,0.7052000164985657,0.8119000196456909,0.8708999752998352,0.7383000254631042,0.6578999757766724,0.7896999716758728,0.7692000269889832,0.7986999750137329,0.892300009727478,0.7616999745368958,0.9832000136375427,0.9362999796867371,0.9696000218391418,0.9617999792098999,0.970300018787384,0.9401000142097473,0.9458000063896179,0.9466999769210815,0.9598000049591064,0.9495000243186951,0.9002000093460083,0.8895000219345093,0.9302999973297119,0.942300021648407,0.9639999866485596,0.9944000244140625,0.8716999888420105,0.9674000144004822,0.9319000244140625,0.9394999742507935,0.9563000202178955,0.9545000195503235,0.9937999844551086,0.9072999954223633,0.987500011920929,0.9279000163078308,0.8909000158309937,0.991599977016449,0.9782999753952026,0.9718999862670898,0.970300018787384,0.9025999903678894,0.945900022983551,0.9089000225067139,0.9596999883651733,0.9896000027656555,0.9825999736785889,0.9743000268936157,0.909500002861023,0.8705000281333923,0.8878999948501587,0.9290000200271606,0.9423999786376953,0.9254999756813049,0.9947999715805054,7.7957000732421875,0.7796000242233276,0.004999999888241291,42.54759979248047,0.9455000162124634,0.0012000000569969416,585.6905,/home/ben/sci/tmnre/outputs/2021-07-17/10-41-33/gaussian_linear/tmnre-10d-0.1scale-9-1000,/home/ben/sci/tmnre/outputs/2021-07-17/10-41-33/gaussian_linear/tmnre-10d-0.1scale-9-1000
54,gaussian_linear,26066,103636,8,tmnre,3727042575,10,5,0.6029999852180481,0.8802000284194946,0.5806000232696533,0.6115000247955322,0.7451000213623047,0.6481999754905701,0.8615000247955322,0.5899999737739563,0.6104999780654907,0.720300018787384,0.8702999949455261,0.63919997215271,0.6251000165939331,0.7508999705314636,0.6711999773979187,0.8693000078201294,0.6488999724388123,0.6881999969482422,0.7626000046730042,0.8896999955177307,0.8870000243186951,0.9060999751091003,0.8960999846458435,0.9351000189781189,0.8931999802589417,0.8935999870300293,0.9103999733924866,0.6301000118255615,0.7387999892234802,0.6751000285148621,0.8579999804496765,0.612500011920929,0.6743000149726868,0.7516000270843506,0.7508999705314636,0.6764000058174133,0.875,0.6377000212669373,0.669700026512146,0.7664999961853027,0.7638999819755554,0.8863000273704529,0.7440000176429749,0.753000020980835,0.8083999752998352,0.8743000030517578,0.6575999855995178,0.6938999891281128,0.7781000137329102,0.8532000184059143,0.8676000237464905,0.8970999717712402,0.6589000225067139,0.7570000290870667,0.76419997215271,6.850900173187256,0.6851000189781189,0.012600000016391277,34.81060028076172,0.7735999822616577,0.009999999776482582,2427.4402,/home/ben/sci/tmnre/outputs/2021-07-17/10-41-33/gaussian_linear/tmnre-10d-0.1scale-8-100000,/home/ben/sci/tmnre/outputs/2021-07-17/10-41-33/gaussian_linear/tmnre-10d-0.1scale-8-100000
55,gaussian_linear,1197,12004,3,tmnre,2995001220,10,7,0.7156999707221985,0.7638000249862671,0.7218000292778015,0.6179999709129333,0.614300012588501,0.7207000255584717,0.6100000143051147,0.6460000276565552,0.553600013256073,0.618399977684021,0.8097000122070312,0.8144999742507935,0.6291999816894531,0.8550999760627747,0.656000018119812,0.8687000274658203,0.8233000040054321,0.8730999827384949,0.7373999953269958,0.9520999789237976,0.8751999735832214,0.8981000185012817,0.9423999786376953,0.9239000082015991,0.9639000296592712,0.9628000259399414,0.9642999768257141,0.8561000227928162,0.8083999752998352,0.8823999762535095,0.7164999842643738,0.9153000116348267,0.7771000266075134,0.7131999731063843,0.6870999932289124,0.7346000075340271,0.6883999705314636,0.7475000023841858,0.7361000180244446,0.7670000195503235,0.830299973487854,0.8481000065803528,0.8557000160217285,0.6065999865531921,0.9074000120162964,0.741100013256073,0.739799976348877,0.609499990940094,0.852400004863739,0.7864999771118164,0.8561000227928162,0.832099974155426,0.6660000085830688,0.8400999903678894,0.9014999866485596,6.582499980926514,0.6582000255584717,0.004600000102072954,36.45240020751953,0.8101000189781189,0.009700000286102295,658.00507,/home/ben/sci/tmnre/outputs/2021-07-17/10-41-33/gaussian_linear/tmnre-10d-0.1scale-3-10000,/home/ben/sci/tmnre/outputs/2021-07-17/10-41-33/gaussian_linear/tmnre-10d-0.1scale-3-10000
56,gaussian_linear,48097,100065,2,tmnre,1889461433,10,3,0.5932000279426575,0.7562000155448914,0.5835999846458435,0.6639999747276306,0.7106999754905701,0.611299991607666,0.7566999793052673,0.5946999788284302,0.7523000240325928,0.590399980545044,0.8155999779701233,0.6049000024795532,0.7091000080108643,0.7505000233650208,0.6527000069618225,0.758899986743927,0.6521000266075134,0.7666000127792358,0.6118000149726868,0.8032000064849854,0.8263999819755554,0.8338000178337097,0.7950999736785889,0.8478999733924866,0.8125,0.8532000184059143,0.7875999808311462,0.6998000144958496,0.7289999723434448,0.6348000168800354,0.7512000203132629,0.6383000016212463,0.7756999731063843,0.6237999796867371,0.7825999855995178,0.7016000151634216,0.7864999771118164,0.6937000155448914,0.7886999845504761,0.6879000067710876,0.7620999813079834,0.824400007724762,0.7429999709129333,0.8094000220298767,0.732200026512146,0.7577000260353088,0.6574000120162964,0.7750999927520752,0.6392999887466431,0.7689999938011169,0.8288000226020813,0.7512000203132629,0.7570000290870667,0.628000020980835,0.7727000117301941,6.6132001876831055,0.661300003528595,0.00570000009611249,33.3827018737793,0.7418000102043152,0.004900000058114529,2575.2654,/home/ben/sci/tmnre/outputs/2021-07-17/10-41-33/gaussian_linear/tmnre-10d-0.1scale-2-100000,/home/ben/sci/tmnre/outputs/2021-07-17/10-41-33/gaussian_linear/tmnre-10d-0.1scale-2-100000
57,sir,6154,9978,8,tmnre,711689831,2,3,0.5078999996185303,0.5227000117301941,,,,,,,,,0.5759999752044678,,,,,,,,,,,,,,,,,,,,,,,,,,,,,,,,,,,,,,,,,,,,,1.0305999517440796,0.5152999758720398,9.999999747378752e-05,0.5759999752044678,0.5759999752044678,,547.3981,/home/ben/sci/tmnre/outputs/2021-07-17/10-41-33/sir/tmnre-2d-8-10000,/home/ben/sci/tmnre/outputs/2021-07-17/10-41-33/sir/tmnre-2d-8-10000
58,sir,5196,10024,4,tmnre,759040484,2,3,0.5076000094413757,0.517300009727478,,,,,,,,,0.5586000084877014,,,,,,,,,,,,,,,,,,,,,,,,,,,,,,,,,,,,,,,,,,,,,1.024899959564209,0.5123999714851379,4.6560999180655926e-05,0.5586000084877014,0.5586000084877014,,512.93646,/home/ben/sci/tmnre/outputs/2021-07-17/10-41-33/sir/tmnre-2d-4-10000,/home/ben/sci/tmnre/outputs/2021-07-17/10-41-33/sir/tmnre-2d-4-10000
59,sir,453,982,6,tmnre,2431382444,2,4,0.6409000158309937,0.7167999744415283,,,,,,,,,0.7544999718666077,,,,,,,,,,,,,,,,,,,,,,,,,,,,,,,,,,,,,,,,,,,,,1.357699990272522,0.6787999868392944,0.002899999963119626,0.7544999718666077,0.7544999718666077,,561.41455,/home/ben/sci/tmnre/outputs/2021-07-17/10-41-33/sir/tmnre-2d-6-1000,/home/ben/sci/tmnre/outputs/2021-07-17/10-41-33/sir/tmnre-2d-6-1000
60,sir,7305,10011,6,tmnre,4220355942,2,2,0.5497000217437744,0.5206999778747559,,,,,,,,,0.5296000242233276,,,,,,,,,,,,,,,,,,,,,,,,,,,,,,,,,,,,,,,,,,,,,1.0703999996185303,0.5351999998092651,0.00039999998989515007,0.5296000242233276,0.5296000242233276,,454.81238,/home/ben/sci/tmnre/outputs/2021-07-17/10-41-33/sir/tmnre-2d-6-10000,/home/ben/sci/tmnre/outputs/2021-07-17/10-41-33/sir/tmnre-2d-6-10000
61,sir,543,994,9,tmnre,200852746,2,3,0.6478999853134155,0.708299994468689,,,,,,,,,0.7303000092506409,,,,,,,,,,,,,,,,,,,,,,,,,,,,,,,,,,,,,,,,,,,,,1.3562999963760376,0.6780999898910522,0.0017999999690800905,0.7303000092506409,0.7303000092506409,,434.6077,/home/ben/sci/tmnre/outputs/2021-07-17/10-41-33/sir/tmnre-2d-9-1000,/home/ben/sci/tmnre/outputs/2021-07-17/10-41-33/sir/tmnre-2d-9-1000
62,sir,5041,10033,3,tmnre,3708701130,2,3,0.534500002861023,0.5015000104904175,,,,,,,,,0.5917999744415283,,,,,,,,,,,,,,,,,,,,,,,,,,,,,,,,,,,,,,,,,,,,,1.0360000133514404,0.5180000066757202,0.0005000000237487257,0.5917999744415283,0.5917999744415283,,505.06778,/home/ben/sci/tmnre/outputs/2021-07-17/10-41-33/sir/tmnre-2d-3-10000,/home/ben/sci/tmnre/outputs/2021-07-17/10-41-33/sir/tmnre-2d-3-10000
63,sir,71976,100368,5,tmnre,3786956333,2,2,0.5099999904632568,0.5009999871253967,,,,,,,,,0.5390999913215637,,,,,,,,,,,,,,,,,,,,,,,,,,,,,,,,,,,,,,,,,,,,,1.0110000371932983,0.5055000185966492,4.0499999158782884e-05,0.5390999913215637,0.5390999913215637,,2425.269,/home/ben/sci/tmnre/outputs/2021-07-17/10-41-33/sir/tmnre-2d-5-100000,/home/ben/sci/tmnre/outputs/2021-07-17/10-41-33/sir/tmnre-2d-5-100000
64,sir,57817,99844,4,tmnre,1271894349,2,3,0.49239999055862427,0.5138000249862671,,,,,,,,,0.5493000149726868,,,,,,,,,,,,,,,,,,,,,,,,,,,,,,,,,,,,,,,,,,,,,1.0061999559402466,0.5030999779701233,0.00019999999494757503,0.5493000149726868,0.5493000149726868,,2125.534,/home/ben/sci/tmnre/outputs/2021-07-17/10-41-33/sir/tmnre-2d-4-100000,/home/ben/sci/tmnre/outputs/2021-07-17/10-41-33/sir/tmnre-2d-4-100000
65,sir,984,984,3,tmnre,786513208,2,1,0.9287999868392944,0.7200000286102295,,,,,,,,,0.9556999802589417,,,,,,,,,,,,,,,,,,,,,,,,,,,,,,,,,,,,,,,,,,,,,1.648800015449524,0.824400007724762,0.021800000220537186,0.9556999802589417,0.9556999802589417,,310.58704,/home/ben/sci/tmnre/outputs/2021-07-17/10-41-33/sir/tmnre-2d-3-1000,/home/ben/sci/tmnre/outputs/2021-07-17/10-41-33/sir/tmnre-2d-3-1000
66,sir,1004,1004,10,tmnre,2322277198,2,1,0.7908999919891357,0.5820000171661377,,,,,,,,,0.7369999885559082,,,,,,,,,,,,,,,,,,,,,,,,,,,,,,,,,,,,,,,,,,,,,1.3727999925613403,0.6863999962806702,0.021800000220537186,0.7369999885559082,0.7369999885559082,,356.77118,/home/ben/sci/tmnre/outputs/2021-07-17/10-41-33/sir/tmnre-2d-10-1000,/home/ben/sci/tmnre/outputs/2021-07-17/10-41-33/sir/tmnre-2d-10-1000
67,sir,54844,100057,2,tmnre,741422738,2,3,0.5196999907493591,0.5138000249862671,,,,,,,,,0.5712000131607056,,,,,,,,,,,,,,,,,,,,,,,,,,,,,,,,,,,,,,,,,,,,,1.0335999727249146,0.5167999863624573,1.7701000615488738e-05,0.5712000131607056,0.5712000131607056,,2516.8535,/home/ben/sci/tmnre/outputs/2021-07-17/10-41-33/sir/tmnre-2d-2-100000,/home/ben/sci/tmnre/outputs/2021-07-17/10-41-33/sir/tmnre-2d-2-100000
68,sir,5360,10066,9,tmnre,1333420433,2,4,0.545199990272522,0.525600016117096,,,,,,,,,0.6269999742507935,,,,,,,,,,,,,,,,,,,,,,,,,,,,,,,,,,,,,,,,,,,,,1.0707000494003296,0.5353999733924866,0.00019999999494757503,0.6269999742507935,0.6269999742507935,,617.9302,/home/ben/sci/tmnre/outputs/2021-07-17/10-41-33/sir/tmnre-2d-9-10000,/home/ben/sci/tmnre/outputs/2021-07-17/10-41-33/sir/tmnre-2d-9-10000
69,sir,759,970,2,tmnre,838244531,2,3,0.7645000219345093,0.9667999744415283,,,,,,,,,0.9266999959945679,,,,,,,,,,,,,,,,,,,,,,,,,,,,,,,,,,,,,,,,,,,,,1.7312999963760376,0.8655999898910522,0.020500000566244125,0.9266999959945679,0.9266999959945679,,450.18893,/home/ben/sci/tmnre/outputs/2021-07-17/10-41-33/sir/tmnre-2d-2-1000,/home/ben/sci/tmnre/outputs/2021-07-17/10-41-33/sir/tmnre-2d-2-1000
70,sir,625,1024,7,tmnre,746235730,2,4,0.7372000217437744,0.5623000264167786,,,,,,,,,0.8532999753952026,,,,,,,,,,,,,,,,,,,,,,,,,,,,,,,,,,,,,,,,,,,,,1.2994999885559082,0.6496999859809875,0.015300000086426735,0.8532999753952026,0.8532999753952026,,538.6351,/home/ben/sci/tmnre/outputs/2021-07-17/10-41-33/sir/tmnre-2d-7-1000,/home/ben/sci/tmnre/outputs/2021-07-17/10-41-33/sir/tmnre-2d-7-1000
71,sir,54838,99611,3,tmnre,571939153,2,3,0.5062999725341797,0.510200023651123,,,,,,,,,0.52920001745224,,,,,,,,,,,,,,,,,,,,,,,,,,,,,,,,,,,,,,,,,,,,,1.0164999961853027,0.5081999897956848,7.22010008757934e-06,0.52920001745224,0.52920001745224,,2106.0085,/home/ben/sci/tmnre/outputs/2021-07-17/10-41-33/sir/tmnre-2d-3-100000,/home/ben/sci/tmnre/outputs/2021-07-17/10-41-33/sir/tmnre-2d-3-100000
72,sir,5736,10128,7,tmnre,1610182647,2,3,0.5516999959945679,0.5421000123023987,,,,,,,,,0.551800012588501,,,,,,,,,,,,,,,,,,,,,,,,,,,,,,,,,,,,,,,,,,,,,1.0937999486923218,0.5468999743461609,4.6560999180655926e-05,0.551800012588501,0.551800012588501,,612.8007,/home/ben/sci/tmnre/outputs/2021-07-17/10-41-33/sir/tmnre-2d-7-10000,/home/ben/sci/tmnre/outputs/2021-07-17/10-41-33/sir/tmnre-2d-7-10000
73,sir,62782,99891,9,tmnre,651218285,2,3,0.5346999764442444,0.5062000155448914,,,,,,,,,0.5250999927520752,,,,,,,,,,,,,,,,,,,,,,,,,,,,,,,,,,,,,,,,,,,,,1.0408999919891357,0.5203999876976013,0.00039999998989515007,0.5250999927520752,0.5250999927520752,,2368.1113,/home/ben/sci/tmnre/outputs/2021-07-17/10-41-33/sir/tmnre-2d-9-100000,/home/ben/sci/tmnre/outputs/2021-07-17/10-41-33/sir/tmnre-2d-9-100000
74,sir,871,981,8,tmnre,2275475501,2,2,0.5641000270843506,0.5490000247955322,,,,,,,,,0.8406000137329102,,,,,,,,,,,,,,,,,,,,,,,,,,,,,,,,,,,,,,,,,,,,,1.1131999492645264,0.5565999746322632,9.999999747378752e-05,0.8406000137329102,0.8406000137329102,,554.8986,/home/ben/sci/tmnre/outputs/2021-07-17/10-41-33/sir/tmnre-2d-8-1000,/home/ben/sci/tmnre/outputs/2021-07-17/10-41-33/sir/tmnre-2d-8-1000
75,sir,72286,100098,1,tmnre,1230515101,2,2,0.5307999849319458,0.5360999703407288,,,,,,,,,0.5738999843597412,,,,,,,,,,,,,,,,,,,,,,,,,,,,,,,,,,,,,,,,,,,,,1.0667999982833862,0.5333999991416931,1.3781000234303065e-05,0.5738999843597412,0.5738999843597412,,2114.0637,/home/ben/sci/tmnre/outputs/2021-07-17/10-41-33/sir/tmnre-2d-1-100000,/home/ben/sci/tmnre/outputs/2021-07-17/10-41-33/sir/tmnre-2d-1-100000
76,sir,71445,99716,6,tmnre,2369622807,2,2,0.5048999786376953,0.510699987411499,,,,,,,,,0.5372999906539917,,,,,,,,,,,,,,,,,,,,,,,,,,,,,,,,,,,,,,,,,,,,,1.0156999826431274,0.5077999830245972,1.7111000488512218e-05,0.5372999906539917,0.5372999906539917,,3068.6797,/home/ben/sci/tmnre/outputs/2021-07-17/10-41-33/sir/tmnre-2d-6-100000,/home/ben/sci/tmnre/outputs/2021-07-17/10-41-33/sir/tmnre-2d-6-100000
77,sir,4819,9998,5,tmnre,1585394546,2,4,0.5249999761581421,0.5855000019073486,,,,,,,,,0.5637999773025513,,,,,,,,,,,,,,,,,,,,,,,,,,,,,,,,,,,,,,,,,,,,,1.1104999780654907,0.5551999807357788,0.0017999999690800905,0.5637999773025513,0.5637999773025513,,909.9193,/home/ben/sci/tmnre/outputs/2021-07-17/10-41-33/sir/tmnre-2d-5-10000,/home/ben/sci/tmnre/outputs/2021-07-17/10-41-33/sir/tmnre-2d-5-10000
78,sir,951,951,4,tmnre,3325288346,2,1,0.8528000116348267,0.7486000061035156,,,,,,,,,0.9642000198364258,,,,,,,,,,,,,,,,,,,,,,,,,,,,,,,,,,,,,,,,,,,,,1.6014000177383423,0.8007000088691711,0.005400000140070915,0.9642000198364258,0.9642000198364258,,233.9974,/home/ben/sci/tmnre/outputs/2021-07-17/10-41-33/sir/tmnre-2d-4-1000,/home/ben/sci/tmnre/outputs/2021-07-17/10-41-33/sir/tmnre-2d-4-1000
79,sir,3394,10030,2,tmnre,634814912,2,5,0.6215999722480774,0.5619000196456909,,,,,,,,,0.6287999749183655,,,,,,,,,,,,,,,,,,,,,,,,,,,,,,,,,,,,,,,,,,,,,1.183500051498413,0.5917999744415283,0.0017999999690800905,0.6287999749183655,0.6287999749183655,,619.8203,/home/ben/sci/tmnre/outputs/2021-07-17/10-41-33/sir/tmnre-2d-2-10000,/home/ben/sci/tmnre/outputs/2021-07-17/10-41-33/sir/tmnre-2d-2-10000
80,sir,906,985,5,tmnre,680883457,2,2,0.7135000228881836,0.5841000080108643,,,,,,,,,0.8302000164985657,,,,,,,,,,,,,,,,,,,,,,,,,,,,,,,,,,,,,,,,,,,,,1.2976000308990479,0.6488000154495239,0.00839999970048666,0.8302000164985657,0.8302000164985657,,288.11444,/home/ben/sci/tmnre/outputs/2021-07-17/10-41-33/sir/tmnre-2d-5-1000,/home/ben/sci/tmnre/outputs/2021-07-17/10-41-33/sir/tmnre-2d-5-1000
81,sir,72057,100547,7,tmnre,500542574,2,2,0.5033000111579895,0.5102999806404114,,,,,,,,,0.5232999920845032,,,,,,,,,,,,,,,,,,,,,,,,,,,,,,,,,,,,,,,,,,,,,1.0135999917984009,0.5067999958992004,2.4499999199179e-05,0.5232999920845032,0.5232999920845032,,3754.9365,/home/ben/sci/tmnre/outputs/2021-07-17/10-41-33/sir/tmnre-2d-7-100000,/home/ben/sci/tmnre/outputs/2021-07-17/10-41-33/sir/tmnre-2d-7-100000
82,sir,6416,9973,10,tmnre,2767618545,2,3,0.6565999984741211,0.718500018119812,,,,,,,,,0.6299999952316284,,,,,,,,,,,,,,,,,,,,,,,,,,,,,,,,,,,,,,,,,,,,,1.375100016593933,0.6875,0.0019000000320374966,0.6299999952316284,0.6299999952316284,,541.6125,/home/ben/sci/tmnre/outputs/2021-07-17/10-41-33/sir/tmnre-2d-10-10000,/home/ben/sci/tmnre/outputs/2021-07-17/10-41-33/sir/tmnre-2d-10-10000
83,gaussian_linear,406,986,2,tmnre,2800326579,10,3,0.8245999813079834,0.8513000011444092,0.6868000030517578,0.7850000262260437,0.5289000272750854,0.5676000118255615,0.7426000237464905,0.7002999782562256,0.8360000252723694,0.767300009727478,0.9764999747276306,0.745199978351593,0.7315000295639038,0.7342000007629395,0.7074000239372253,0.8867999911308289,0.7886000275611877,0.8489999771118164,0.8967000246047974,0.5949000120162964,0.5971999764442444,0.7903000116348267,0.9646000266075134,0.8011999726295471,0.7523999810218811,0.8888000249862671,0.7799999713897705,0.6273999810218811,0.6700999736785889,0.8579000234603882,0.7531999945640564,0.6913999915122986,0.6834999918937683,0.8440999984741211,0.9760000109672546,0.7174000144004822,0.8276000022888184,0.9617999792098999,0.7311000227928162,0.9595999717712402,0.9470999836921692,0.9404000043869019,0.5982999801635742,0.991599977016449,0.8715999722480774,0.9704999923706055,0.833899974822998,0.9340000152587891,0.904699981212616,0.965499997138977,0.9843999743461609,0.8158000111579895,0.9498000144958496,0.7603999972343445,0.8658000230789185,7.29040002822876,0.7289999723434448,0.01209999993443489,37.12049865722656,0.8248999714851379,0.013899999670684338,260.58484,/home/ben/sci/tmnre/outputs/gaussian_linear/2021-08-04/17-49-54/tmnre-10d-0.1scale-2-1000,/home/ben/sci/tmnre/outputs/gaussian_linear/2021-08-04/17-49-54/tmnre-10d-0.1scale-2-1000
84,gaussian_linear,683,968,10,tmnre,3383611511,10,2,0.5892000198364258,0.769599974155426,0.6786999702453613,0.8278999924659729,0.8342000246047974,0.7504000067710876,0.6988000273704529,0.6330999732017517,0.6736000180244446,0.7972000241279602,0.8054999709129333,0.8116000294685364,0.9337999820709229,0.9254000186920166,0.9233999848365784,0.8557999730110168,0.88919997215271,0.7986000180244446,0.8490999937057495,0.9229000210762024,0.972100019454956,0.9235000014305115,0.838100016117096,0.855400025844574,0.8798999786376953,0.9101999998092651,0.8851000070571899,0.8440999984741211,0.9455000162124634,0.8375999927520752,0.9223999977111816,0.839900016784668,0.901199996471405,0.8928999900817871,0.9369000196456909,0.9817000031471252,0.8991000056266785,0.9663000106811523,0.9067000150680542,0.8633999824523926,0.9053999781608582,0.8813999891281128,0.8478999733924866,0.9447000026702881,0.9404000043869019,0.858299970626831,0.804099977016449,0.8841000199317932,0.8639000058174133,0.7922000288963318,0.8367000222206116,0.9247000217437744,0.8632000088691711,0.9487000107765198,0.8500000238418579,7.252799987792969,0.7253000140190125,0.007000000216066837,39.86289978027344,0.8858000040054321,0.002400000113993883,280.57788,/home/ben/sci/tmnre/outputs/gaussian_linear/2021-08-04/17-49-54/tmnre-10d-0.1scale-10-1000,/home/ben/sci/tmnre/outputs/gaussian_linear/2021-08-04/17-49-54/tmnre-10d-0.1scale-10-1000
